{"cameraMode":{"drawMode":0,"name":"Shaded","section":"Shading Mode"},"sceneLighting":false,"audioPlay":false,"sceneViewState":{"m_AlwaysRefresh":false,"showFog":false,"showSkybox":false,"showFlares":false,"showImageEffects":false,"showParticleSystems":false,"showVisualEffectGraphs":true,"m_FxEnabled":true},"in2DMode":false,"pivot":{"x":0.21138347685337068,"y":0.9605197906494141,"z":-0.04379725456237793},"rotation":{"x":0.019777147099375726,"y":0.9801156520843506,"z":-0.14693720638751985,"w":0.1319286823272705},"size":1.5598671436309815,"orthographic":false}