{"cameraMode":{"drawMode":0,"name":"Shaded","section":"Shading Mode"},"sceneLighting":false,"audioPlay":false,"sceneViewState":{"m_AlwaysRefresh":false,"showFog":true,"showSkybox":false,"showFlares":true,"showImageEffects":true,"showParticleSystems":true,"showVisualEffectGraphs":true,"m_FxEnabled":true},"in2DMode":false,"pivot":{"x":0.5168843269348145,"y":0.05379205942153931,"z":-0.15895622968673707},"rotation":{"x":-0.03751984238624573,"y":-0.9624863862991333,"z":0.1874152421951294,"w":-0.19281353056430818},"size":0.47325384616851809,"orthographic":false}