{"cameraMode":{"drawMode":0,"name":"Shaded","section":"Shading Mode"},"sceneLighting":true,"audioPlay":false,"sceneViewState":{"m_AlwaysRefresh":false,"showFog":true,"showSkybox":true,"showFlares":true,"showImageEffects":true,"showParticleSystems":true,"showVisualEffectGraphs":true,"m_FxEnabled":true},"in2DMode":false,"pivot":{"x":0.25420475006103518,"y":1.1981756687164307,"z":0.23280268907546998},"rotation":{"x":0.15382391214370728,"y":0.35024920105934145,"z":-0.058479130268096927,"w":0.9221439957618713},"size":2.2048778533935549,"orthographic":false}